bilstm,stacked_lstm,gru,lightgbm,xgboost,Timestamp
336.4659589210496,336.03950898592666,335.7513384298363,335.73283876498925,335.7427328504964,2026-09-18 20:00:00+00:00
336.42057002926776,336.065619665329,335.6529833050645,335.6531558830272,335.69753713610044,2026-09-18 20:01:00+00:00
336.3826671787192,336.0811417744735,335.55531794046874,335.60474459441576,335.6656367021933,2026-09-18 20:02:00+00:00
336.3488371977819,336.08539835744887,335.4601310361668,335.6338699257989,335.6041645404457,2026-09-18 20:03:00+00:00
336.32292748966574,336.07855197274694,335.3683595303155,335.6575650884512,335.62070319687155,2026-09-18 20:04:00+00:00
336.30715653241896,336.06202166692856,335.2804031386586,335.637354323195,335.59873386206164,2026-09-18 20:05:00+00:00
336.30353793585346,336.03822076554934,335.19636707885,335.6544737104044,335.60622547036655,2026-09-18 20:06:00+00:00
336.3077054456826,336.00961381122397,335.116207927731,335.63836768773587,335.60622547036655,2026-09-18 20:07:00+00:00
336.315809988575,335.9781208869608,335.03980543655416,335.59153128835004,335.60622547036655,2026-09-18 20:08:00+00:00
336.3289800099519,335.9455106514197,334.9670003870706,335.5722222953796,335.6047663408899,2026-09-18 20:09:00+00:00
336.3453900670229,335.91328120357866,334.8976224268881,335.5669935110642,335.6047663408899,2026-09-18 20:10:00+00:00
336.36601328391043,335.8826817943136,334.8314917395928,335.5460803269953,335.5994609216177,2026-09-18 20:11:00+00:00
336.3909860538697,335.8547712806503,334.7684351892567,335.50251835687834,335.5994609216177,2026-09-18 20:12:00+00:00
336.41919217903705,335.8302327422789,334.7082857637306,335.4764115413275,335.5994609216177,2026-09-18 20:13:00+00:00
336.4480680229226,335.8091624895387,334.65088257464413,335.52018709220147,335.59658552911606,2026-09-18 20:14:00+00:00
336.47320335137374,335.7908290092164,334.59607809459885,335.50655302863106,335.59658552911606,2026-09-18 20:15:00+00:00
336.4974807940853,335.7743944570302,334.5437298065608,335.53271420244465,335.61773594768783,2026-09-18 20:16:00+00:00
336.5225838335209,335.75935278616817,334.493705214225,335.56121322338635,335.6128029655083,2026-09-18 20:17:00+00:00
336.54782883328335,335.745248053463,334.44588128530813,335.5524386322937,335.6235446302362,2026-09-18 20:18:00+00:00
336.57104018177597,335.73138827190996,334.40014278142735,335.5549542048618,335.6160530219313,2026-09-18 20:19:00+00:00
336.5928040916424,335.71705918621774,334.35638114468566,335.5538842989857,335.62915178479125,2026-09-18 20:20:00+00:00
336.60301076078576,335.7007025730345,334.3144967245007,335.55279815986114,335.62915178479125,2026-09-18 20:21:00+00:00
336.61777129453003,335.68188030382225,334.27439209711883,335.572904397637,335.62915178479125,2026-09-18 20:22:00+00:00
336.63740078912997,335.66146139846387,334.2359781893938,335.5647961883064,335.62915178479125,2026-09-18 20:23:00+00:00
336.657217337337,335.6400393067961,334.199171495251,335.5250953847788,335.62915178479125,2026-09-18 20:24:00+00:00
336.68115184843555,335.6183227170386,334.1638940756875,335.4732095062274,335.62915178479125,2026-09-18 20:25:00+00:00
336.704529095663,335.5969089759783,334.1300713319433,335.5302791653641,335.62915178479125,2026-09-18 20:26:00+00:00
336.730543464726,335.5762929962839,334.09763423233017,335.559889884259,335.62915178479125,2026-09-18 20:27:00+00:00
336.7541550856695,335.55670803825706,334.06651764210983,335.6127317426742,335.62915178479125,2026-09-18 20:28:00+00:00
336.77838576497925,335.5381696896984,334.0366586533728,335.61957625577094,335.62915178479125,2026-09-18 20:29:00+00:00
336.81004291785575,335.52139498943507,334.007999368574,335.6088141402686,335.62915178479125,2026-09-18 20:30:00+00:00
336.8210278636143,335.5061712753304,333.98048467370427,335.59744756209,335.62915178479125,2026-09-18 20:31:00+00:00
336.8337397149953,335.4914975879037,333.95406335170446,335.6007781855136,335.62915178479125,2026-09-18 20:32:00+00:00
336.8478917678094,335.4770065004268,333.928685855637,335.6337368924817,335.62915178479125,2026-09-18 20:33:00+00:00
336.86325131846206,335.46243858736125,333.90430542210015,335.6269789908507,335.62915178479125,2026-09-18 20:34:00+00:00
336.87946652802566,335.44764409448,333.8808786279351,335.64250965428033,335.62915178479125,2026-09-18 20:35:00+00:00
336.89614937160695,335.43257625838123,333.8583626066902,335.6320348687139,335.62915178479125,2026-09-18 20:36:00+00:00
336.91289567980493,335.41727293515214,333.8367189455712,335.6072800775568,335.62915178479125,2026-09-18 20:37:00+00:00
336.92947163561075,335.4018287650106,333.8159097884909,335.57290751122497,335.62915178479125,2026-09-18 20:38:00+00:00
336.9457803719779,335.3863723473114,333.79589894948367,335.5528543358127,335.62915178479125,2026-09-18 20:39:00+00:00
336.9617127743022,335.3710356216525,333.7766530261197,335.57297982398967,335.62915178479125,2026-09-18 20:40:00+00:00
336.97722987308225,335.35594607397434,333.758140007737,335.5950535049694,335.62915178479125,2026-09-18 20:41:00+00:00
336.9922821213804,335.34120112803066,333.74032844038084,335.61608787112715,335.62915178479125,2026-09-18 20:42:00+00:00
337.00683611676686,335.32686591855963,333.72318993198587,335.60943054712106,335.62915178479125,2026-09-18 20:43:00+00:00
337.0209041067992,335.3129677242123,333.70669609048673,335.59156042393664,335.62915178479125,2026-09-18 20:44:00+00:00
337.03458017498815,335.2994959675525,333.6908207506467,335.5975436006698,335.62915178479125,2026-09-18 20:45:00+00:00
337.048075870056,335.28641557602896,333.675539138997,335.6007046295293,335.62915178479125,2026-09-18 20:46:00+00:00
337.06149696636385,335.27366920880377,333.66082620371526,335.59437852160005,335.62915178479125,2026-09-18 20:47:00+00:00
337.07488020658457,335.2611956280889,333.6466596765149,335.6046835765378,335.62915178479125,2026-09-18 20:48:00+00:00
337.0882617766838,335.248932482682,333.63301784581654,335.5861335018138,335.62915178479125,2026-09-18 20:49:00+00:00
337.1017223992003,335.23682577198815,333.6198790000408,335.5615009535752,335.62915178479125,2026-09-18 20:50:00+00:00
337.11529937351406,335.2248331862629,333.60722421114406,335.55030395900434,335.62915178479125,2026-09-18 20:51:00+00:00
337.1293055690512,335.2129324572197,333.59503371602204,335.56594236328846,335.62915178479125,2026-09-18 20:52:00+00:00
337.14355448891183,335.2011202446156,333.5832894216919,335.58676562998784,335.62915178479125,2026-09-18 20:53:00+00:00
337.15786854351063,335.1894138063726,333.5719740702316,335.5643052191162,335.62915178479125,2026-09-18 20:54:00+00:00
337.1722310316327,335.1778393077275,333.56107068207257,335.5605572828946,335.62915178479125,2026-09-18 20:55:00+00:00
337.18651780758046,335.16642848098854,333.5505633910607,335.55805890577943,335.62915178479125,2026-09-18 20:56:00+00:00
337.2007589335408,335.1552074913925,333.5404371661025,335.5562057451915,335.62915178479125,2026-09-18 20:57:00+00:00
337.2148887180683,335.14420139076174,333.53067725445817,335.5493285369363,335.62915178479125,2026-09-18 20:58:00+00:00
337.2289945641878,335.1334213132395,333.521269460095,335.5581019755574,335.62915178479125,2026-09-18 20:59:00+00:00
337.2430603273915,335.1228717124832,333.5122007003947,335.5658370579527,335.62915178479125,2026-09-18 21:00:00+00:00
337.2568633248138,335.1125464647139,333.5034576143853,335.57611169060476,335.62915178479125,2026-09-18 21:01:00+00:00
337.27101983128523,335.1024294254239,333.49502851121633,335.57611169060476,335.62915178479125,2026-09-18 21:02:00+00:00
337.2854179486658,335.09250055315533,333.4869011433302,335.57442745724927,335.62915178479125,2026-09-18 21:03:00+00:00
337.2999635934448,335.0827375796216,333.4790640982301,335.56743415767835,335.62915178479125,2026-09-18 21:04:00+00:00
337.3145749296691,335.073124360315,333.4715070768334,335.55866071905723,335.62915178479125,2026-09-18 21:05:00+00:00
337.3291918329651,335.0636475342635,333.4642192233505,335.5576016916116,335.62915178479125,2026-09-18 21:06:00+00:00
337.34377310700256,335.0542981941526,333.4571902386988,335.56375743012177,335.62915178479125,2026-09-18 21:07:00+00:00
337.358296483495,335.0450763399822,333.4504112155637,335.5593292160941,335.62915178479125,2026-09-18 21:08:00+00:00
337.37274860147045,335.0359797449237,333.44387213321625,335.5593292160941,335.62915178479125,2026-09-18 21:09:00+00:00
337.38712556397877,335.02701453275586,333.4375649194026,335.56122544646,335.62915178479125,2026-09-18 21:10:00+00:00
337.4014234740698,335.01818515713603,333.43148066680806,335.56215068253965,335.62915178479125,2026-09-18 21:11:00+00:00
337.41564734210806,335.0094966284287,333.42561102482523,335.56116224136815,335.62915178479125,2026-09-18 21:12:00+00:00
337.429798838215,335.0009522868768,333.41994875626096,335.5557910480724,335.62915178479125,2026-09-18 21:13:00+00:00
337.4438840861694,334.992554359309,333.4144857888614,335.55012869036807,335.62915178479125,2026-09-18 21:14:00+00:00
337.4579069829215,334.98430228901816,333.40921488543336,335.57653961125743,335.62915178479125,2026-09-18 21:15:00+00:00
337.4718686418855,334.97619329246845,333.40412880878375,335.5679458027889,335.62915178479125,2026-09-18 21:16:00+00:00
337.4857634959899,334.9682240294169,333.39922171348735,335.5606542182893,335.62915178479125,2026-09-18 21:17:00+00:00
337.4995854214558,334.96038837608467,333.3944866407046,335.5635587826531,335.62915178479125,2026-09-18 21:18:00+00:00
337.5133266243829,334.952680208693,333.3899171883031,335.5612269111393,335.62915178479125,2026-09-18 21:19:00+00:00
337.5269820944068,334.9450950735845,333.3855075108577,335.5625489764701,335.62915178479125,2026-09-18 21:20:00+00:00
337.54054682116293,334.93762740368766,333.38125204129665,335.53568597844867,335.62915178479125,2026-09-18 21:21:00+00:00
337.5540157942869,334.9302733020522,333.3771452125484,335.53640825563855,335.62915178479125,2026-09-18 21:22:00+00:00
337.56737843634255,334.92303109855675,333.37318145754125,335.5205776985937,335.62915178479125,2026-09-18 21:23:00+00:00
337.5806319637941,334.91589578283674,333.36935576591077,335.51248112617793,335.62915178479125,2026-09-18 21:24:00+00:00
337.59378305712744,334.90886958172086,333.3656636839996,335.5225653960463,335.62915178479125,2026-09-18 21:25:00+00:00
337.6068367267071,334.9019513817948,333.3620996447362,335.52115876061214,335.62915178479125,2026-09-18 21:26:00+00:00
337.6198018798477,334.895139512937,333.3586597511703,335.5152321039846,335.62915178479125,2026-09-18 21:27:00+00:00
337.6326885372782,334.88843564526906,333.3553392712911,335.5030258830749,335.62915178479125,2026-09-18 21:28:00+00:00
337.64550393619174,334.8818381086694,333.3521340297948,335.48236039072856,335.62915178479125,2026-09-18 21:29:00+00:00
337.65825475707425,334.87534690313805,333.3490401297313,335.4902635676861,335.62915178479125,2026-09-18 21:30:00+00:00
337.6709465669974,334.86895980184636,333.34605311744326,335.48838146332724,335.62915178479125,2026-09-18 21:31:00+00:00
337.6835905001044,334.86267569138,333.3431699310413,335.48838146332724,335.62915178479125,2026-09-18 21:32:00+00:00
337.6961809893237,334.85649178820313,333.3403863952217,335.48838146332724,335.62915178479125,2026-09-18 21:33:00+00:00
337.70871191087645,334.85040530877995,333.3376991697414,335.4873074546798,335.62915178479125,2026-09-18 21:34:00+00:00
337.7211860482985,334.8444140262818,333.33510491435754,335.48638221860006,335.62915178479125,2026-09-18 21:35:00+00:00
337.7336050717113,334.83851571388004,333.33260028882705,335.4891894779407,335.62915178479125,2026-09-18 21:36:00+00:00
337.74597510489366,334.83270758803883,333.33018195290697,335.48172599304587,335.62915178479125,2026-09-18 21:37:00+00:00
337.7583022716244,334.82698853534384,333.3278471230615,335.51813577290415,335.62915178479125,2026-09-18 21:38:00+00:00
337.77058935543937,334.82135744238076,333.32559301575475,335.52451086368,335.62915178479125,2026-09-18 21:39:00+00:00
337.7828441502388,334.81581152561375,333.3234165690974,335.5159229275128,335.62915178479125,2026-09-18 21:40:00+00:00
337.7950677694371,334.81035134175,333.3213149995536,335.52408183970164,335.62915178479125,2026-09-18 21:41:00+00:00
337.807266336813,334.8049746639608,333.31928608029466,335.5300464931235,335.62915178479125,2026-09-18 21:42:00+00:00
337.8194398523665,334.7996803788319,333.31732674943123,335.5313685584544,335.62915178479125,2026-09-18 21:43:00+00:00
337.8315916563406,334.79446848636326,333.31543478013464,335.52708823033385,335.62915178479125,2026-09-18 21:44:00+00:00
337.843720635321,334.7893367597262,333.3136082239298,335.54152766090147,335.62915178479125,2026-09-18 21:45:00+00:00
337.85582901613634,334.7842846422136,333.3118442972809,335.53392405846756,335.62915178479125,2026-09-18 21:46:00+00:00
337.8679140152508,334.7793110204111,333.3101410517129,335.5195798679903,335.62915178479125,2026-09-18 21:47:00+00:00
337.87997897290734,334.77441422419724,333.3084962603971,335.50802070716975,335.62915178479125,2026-09-18 21:48:00+00:00
337.89201999215584,334.76959314015767,333.3069076965048,335.48616278167196,335.62915178479125,2026-09-18 21:49:00+00:00
337.9040387431178,334.7648455414637,333.3053739682682,335.49753494610826,335.62915178479125,2026-09-18 21:50:00+00:00
337.916034669086,334.7601714281154,333.3038928488586,335.49708383142854,335.62915178479125,2026-09-18 21:51:00+00:00
337.92800721335334,334.7555674598698,333.3024623898009,335.49708383142854,335.62915178479125,2026-09-18 21:52:00+00:00
337.9399563759198,334.75103419343395,333.3010811993272,335.4891188302822,335.62915178479125,2026-09-18 21:53:00+00:00
337.95188215678536,334.74656995868645,333.29974732896244,335.47530959900246,335.62915178479125,2026-09-18 21:54:00+00:00
337.9637839992429,334.74217197209146,333.2984591085851,335.47530959900246,335.62915178479125,2026-09-18 21:55:00+00:00
337.9756624599995,334.7378430171848,333.29721514642733,335.4986635902417,335.62915178479125,2026-09-18 21:56:00+00:00
337.98751475551944,334.73357864030913,333.296013494014,335.5139021429061,335.62915178479125,2026-09-18 21:57:00+00:00
337.999341999217,334.72937828475733,333.2948533162844,335.5099793723135,335.62915178479125,2026-09-18 21:58:00+00:00
338.0111425209707,334.7252430639437,333.2937326647634,335.4896041764266,335.62915178479125,2026-09-18 21:59:00+00:00
338.0229135372447,334.7211696376253,333.29265042603674,335.49169251037017,335.62915178479125,2026-09-18 22:00:00+00:00
338.03465560474615,334.7171585625092,333.2916052083365,335.4903961587026,335.62915178479125,2026-09-18 22:01:00+00:00
338.04636761006077,334.713208168474,333.2905958982483,335.4903961587026,335.62915178479125,2026-09-18 22:02:00+00:00
338.0580473263599,334.7093178988125,333.2896208256507,335.4903961587026,335.62915178479125,2026-09-18 22:03:00+00:00
338.0696947536435,334.7054866401104,333.2886794338365,335.4903961587026,335.62915178479125,2026-09-18 22:04:00+00:00
338.08130877849726,334.7017132789533,333.2877697743306,335.4988671429522,335.62915178479125,2026-09-18 22:05:00+00:00
338.0928894009212,334.69799670192697,333.2868918471331,335.4897881524028,335.62915178479125,2026-09-18 22:06:00+00:00
338.1044382910368,334.694335795617,333.2860434254153,335.50099361813227,335.62915178479125,2026-09-18 22:07:00+00:00
338.11595377872254,334.69073056002344,333.28522395247,335.49526239231807,335.62915178479125,2026-09-18 22:08:00+00:00
338.1274364206856,334.6871793250248,333.2844325932365,335.49748938649617,335.62915178479125,2026-09-18 22:09:00+00:00
338.13888621692604,334.683682090621,333.283668512654,335.50900244963555,335.62915178479125,2026-09-18 22:10:00+00:00
338.1503031674438,334.6802366299835,333.28293031895464,335.5071651634063,335.62915178479125,2026-09-18 22:11:00+00:00
338.16168727223885,334.6768429431122,333.28221745543124,335.4869630226002,335.62915178479125,2026-09-18 22:12:00+00:00
338.17303853131125,334.6735004733,333.2815285303159,335.467923125488,335.62915178479125,2026-09-18 22:13:00+00:00
338.18435750136814,334.67020866383973,333.280863265255,335.4766122031548,335.62915178479125,2026-09-18 22:14:00+00:00
338.19564529582385,334.6669652879027,333.2802211035414,335.52538250107875,335.62915178479125,2026-09-18 22:15:00+00:00
338.20690080126406,334.6637709021961,333.2796006534072,335.5515301149717,335.62915178479125,2026-09-18 22:16:00+00:00
338.21812735793173,334.6606243933056,333.27900107979167,335.5625604024528,335.62915178479125,2026-09-18 22:17:00+00:00
338.22932273899823,334.6575246478169,333.2784221043412,335.54852558392633,335.62915178479125,2026-09-18 22:18:00+00:00
338.2404897279994,334.6544711090228,333.2778631703486,335.55061391786984,335.62915178479125,2026-09-18 22:19:00+00:00
338.25162832493515,334.65146433363043,333.2773231643996,335.5589175105821,335.62915178479125,2026-09-18 22:20:00+00:00
338.2627396432199,334.64850153810403,333.276801529787,335.5568291766386,335.62915178479125,2026-09-18 22:21:00+00:00
338.27382479626795,334.6455838358579,333.27629770980366,335.56537425026454,335.62915178479125,2026-09-18 22:22:00+00:00
338.28488434078645,334.64270844335624,333.2758111477424,335.5671969695784,335.62915178479125,2026-09-18 22:23:00+00:00
338.29591939018974,334.63987647401336,333.2753407301889,335.5744794124885,335.62915178479125,2026-09-18 22:24:00+00:00
338.3069299444778,334.63708681441494,333.2748867354967,335.5624808692876,335.62915178479125,2026-09-18 22:25:00+00:00
338.3179176737722,334.63433835114665,333.2744483286051,335.5370766115144,335.62915178479125,2026-09-18 22:26:00+00:00
338.32888313477997,334.6316310842085,333.27402467445336,335.5111083437719,335.62915178479125,2026-09-18 22:27:00+00:00
338.3398268842084,334.62896390018614,333.2736154946879,335.50454237916483,335.62915178479125,2026-09-18 22:28:00+00:00
338.3507505921789,334.6263367990796,333.2732202326015,335.51355619573366,335.62915178479125,2026-09-18 22:29:00+00:00
