Timestamp,AAPL
2026-09-18 20:00:00+00:00,335.73283876498925
2026-09-18 20:01:00+00:00,335.6531558830272
2026-09-18 20:02:00+00:00,335.60474459441576
2026-09-18 20:03:00+00:00,335.6338699257989
2026-09-18 20:04:00+00:00,335.6575650884512
2026-09-18 20:05:00+00:00,335.637354323195
2026-09-18 20:06:00+00:00,335.6544737104044
2026-09-18 20:07:00+00:00,335.63836768773587
2026-09-18 20:08:00+00:00,335.59153128835004
2026-09-18 20:09:00+00:00,335.5722222953796
2026-09-18 20:10:00+00:00,335.5669935110642
2026-09-18 20:11:00+00:00,335.5460803269953
2026-09-18 20:12:00+00:00,335.50251835687834
2026-09-18 20:13:00+00:00,335.4764115413275
2026-09-18 20:14:00+00:00,335.52018709220147
2026-09-18 20:15:00+00:00,335.50655302863106
2026-09-18 20:16:00+00:00,335.53271420244465
2026-09-18 20:17:00+00:00,335.56121322338635
2026-09-18 20:18:00+00:00,335.5524386322937
2026-09-18 20:19:00+00:00,335.5549542048618
2026-09-18 20:20:00+00:00,335.5538842989857
2026-09-18 20:21:00+00:00,335.55279815986114
2026-09-18 20:22:00+00:00,335.572904397637
2026-09-18 20:23:00+00:00,335.5647961883064
2026-09-18 20:24:00+00:00,335.5250953847788
2026-09-18 20:25:00+00:00,335.4732095062274
2026-09-18 20:26:00+00:00,335.5302791653641
2026-09-18 20:27:00+00:00,335.559889884259
2026-09-18 20:28:00+00:00,335.6127317426742
2026-09-18 20:29:00+00:00,335.61957625577094
2026-09-18 20:30:00+00:00,335.6088141402686
2026-09-18 20:31:00+00:00,335.59744756209
2026-09-18 20:32:00+00:00,335.6007781855136
2026-09-18 20:33:00+00:00,335.6337368924817
2026-09-18 20:34:00+00:00,335.6269789908507
2026-09-18 20:35:00+00:00,335.64250965428033
2026-09-18 20:36:00+00:00,335.6320348687139
2026-09-18 20:37:00+00:00,335.6072800775568
2026-09-18 20:38:00+00:00,335.57290751122497
2026-09-18 20:39:00+00:00,335.5528543358127
2026-09-18 20:40:00+00:00,335.57297982398967
2026-09-18 20:41:00+00:00,335.5950535049694
2026-09-18 20:42:00+00:00,335.61608787112715
2026-09-18 20:43:00+00:00,335.60943054712106
2026-09-18 20:44:00+00:00,335.59156042393664
2026-09-18 20:45:00+00:00,335.5975436006698
2026-09-18 20:46:00+00:00,335.6007046295293
2026-09-18 20:47:00+00:00,335.59437852160005
2026-09-18 20:48:00+00:00,335.6046835765378
2026-09-18 20:49:00+00:00,335.5861335018138
2026-09-18 20:50:00+00:00,335.5615009535752
2026-09-18 20:51:00+00:00,335.55030395900434
2026-09-18 20:52:00+00:00,335.56594236328846
2026-09-18 20:53:00+00:00,335.58676562998784
2026-09-18 20:54:00+00:00,335.5643052191162
2026-09-18 20:55:00+00:00,335.5605572828946
2026-09-18 20:56:00+00:00,335.55805890577943
2026-09-18 20:57:00+00:00,335.5562057451915
2026-09-18 20:58:00+00:00,335.5493285369363
2026-09-18 20:59:00+00:00,335.5581019755574
2026-09-18 21:00:00+00:00,335.5658370579527
2026-09-18 21:01:00+00:00,335.5761116906048
2026-09-18 21:02:00+00:00,335.5761116906048
2026-09-18 21:03:00+00:00,335.57442745724927
2026-09-18 21:04:00+00:00,335.56743415767835
2026-09-18 21:05:00+00:00,335.55866071905723
2026-09-18 21:06:00+00:00,335.5576016916116
2026-09-18 21:07:00+00:00,335.56375743012177
2026-09-18 21:08:00+00:00,335.5593292160941
2026-09-18 21:09:00+00:00,335.5593292160941
2026-09-18 21:10:00+00:00,335.56122544646
2026-09-18 21:11:00+00:00,335.56215068253965
2026-09-18 21:12:00+00:00,335.5611622413681
2026-09-18 21:13:00+00:00,335.5557910480724
2026-09-18 21:14:00+00:00,335.55012869036807
2026-09-18 21:15:00+00:00,335.57653961125743
2026-09-18 21:16:00+00:00,335.5679458027889
2026-09-18 21:17:00+00:00,335.5606542182893
2026-09-18 21:18:00+00:00,335.5635587826531
2026-09-18 21:19:00+00:00,335.5612269111393
2026-09-18 21:20:00+00:00,335.5625489764701
2026-09-18 21:21:00+00:00,335.53568597844867
2026-09-18 21:22:00+00:00,335.53640825563855
2026-09-18 21:23:00+00:00,335.5205776985937
2026-09-18 21:24:00+00:00,335.512481126178
2026-09-18 21:25:00+00:00,335.5225653960463
2026-09-18 21:26:00+00:00,335.52115876061214
2026-09-18 21:27:00+00:00,335.5152321039846
2026-09-18 21:28:00+00:00,335.5030258830749
2026-09-18 21:29:00+00:00,335.48236039072856
2026-09-18 21:30:00+00:00,335.4902635676861
2026-09-18 21:31:00+00:00,335.48838146332724
2026-09-18 21:32:00+00:00,335.48838146332724
2026-09-18 21:33:00+00:00,335.48838146332724
2026-09-18 21:34:00+00:00,335.4873074546798
2026-09-18 21:35:00+00:00,335.48638221860006
2026-09-18 21:36:00+00:00,335.4891894779407
2026-09-18 21:37:00+00:00,335.48172599304587
2026-09-18 21:38:00+00:00,335.51813577290415
2026-09-18 21:39:00+00:00,335.52451086368
2026-09-18 21:40:00+00:00,335.5159229275128
2026-09-18 21:41:00+00:00,335.52408183970164
2026-09-18 21:42:00+00:00,335.5300464931235
2026-09-18 21:43:00+00:00,335.5313685584544
2026-09-18 21:44:00+00:00,335.52708823033385
2026-09-18 21:45:00+00:00,335.54152766090147
2026-09-18 21:46:00+00:00,335.5339240584676
2026-09-18 21:47:00+00:00,335.5195798679903
2026-09-18 21:48:00+00:00,335.5080207071697
2026-09-18 21:49:00+00:00,335.486162781672
2026-09-18 21:50:00+00:00,335.49753494610826
2026-09-18 21:51:00+00:00,335.49708383142854
2026-09-18 21:52:00+00:00,335.49708383142854
2026-09-18 21:53:00+00:00,335.4891188302822
2026-09-18 21:54:00+00:00,335.47530959900246
2026-09-18 21:55:00+00:00,335.47530959900246
2026-09-18 21:56:00+00:00,335.4986635902417
2026-09-18 21:57:00+00:00,335.5139021429061
2026-09-18 21:58:00+00:00,335.5099793723135
2026-09-18 21:59:00+00:00,335.4896041764266
2026-09-18 22:00:00+00:00,335.49169251037017
2026-09-18 22:01:00+00:00,335.4903961587026
2026-09-18 22:02:00+00:00,335.4903961587026
2026-09-18 22:03:00+00:00,335.4903961587026
2026-09-18 22:04:00+00:00,335.4903961587026
2026-09-18 22:05:00+00:00,335.4988671429522
2026-09-18 22:06:00+00:00,335.4897881524028
2026-09-18 22:07:00+00:00,335.50099361813227
2026-09-18 22:08:00+00:00,335.49526239231807
2026-09-18 22:09:00+00:00,335.49748938649617
2026-09-18 22:10:00+00:00,335.50900244963555
2026-09-18 22:11:00+00:00,335.5071651634063
2026-09-18 22:12:00+00:00,335.4869630226002
2026-09-18 22:13:00+00:00,335.467923125488
2026-09-18 22:14:00+00:00,335.4766122031548
2026-09-18 22:15:00+00:00,335.52538250107875
2026-09-18 22:16:00+00:00,335.5515301149717
2026-09-18 22:17:00+00:00,335.5625604024528
2026-09-18 22:18:00+00:00,335.54852558392633
2026-09-18 22:19:00+00:00,335.55061391786984
2026-09-18 22:20:00+00:00,335.5589175105821
2026-09-18 22:21:00+00:00,335.5568291766386
2026-09-18 22:22:00+00:00,335.56537425026454
2026-09-18 22:23:00+00:00,335.5671969695784
2026-09-18 22:24:00+00:00,335.5744794124885
2026-09-18 22:25:00+00:00,335.5624808692876
2026-09-18 22:26:00+00:00,335.5370766115144
2026-09-18 22:27:00+00:00,335.5111083437719
2026-09-18 22:28:00+00:00,335.50454237916483
2026-09-18 22:29:00+00:00,335.51355619573366
