Timestamp,AAPL,JNJ,XOM,JPM
2026-09-18 20:00:00+00:00,335.73283876498925,270.1455993563868,162.8363279967898,349.1715411858204
2026-09-18 20:01:00+00:00,335.6531558830272,270.3224546406418,162.71835600655277,349.5291966620389
2026-09-18 20:02:00+00:00,335.60474459441576,270.4883151440881,162.62218860009693,349.75387264226447
2026-09-18 20:03:00+00:00,335.6338699257989,270.48754320433363,162.55689395271338,349.8737014875369
2026-09-18 20:04:00+00:00,335.6575650884512,270.505491473712,162.5118305836629,349.84383741602505
2026-09-18 20:05:00+00:00,335.637354323195,270.4811961441301,162.43850292870593,349.9343886256029
2026-09-18 20:06:00+00:00,335.6544737104044,270.50361322099343,162.41283168549262,350.1811987633446
2026-09-18 20:07:00+00:00,335.63836768773587,270.6015597782098,162.31060480479346,350.5193155779816
2026-09-18 20:08:00+00:00,335.59153128835004,270.59912602370605,162.24547000746156,350.7336668382013
2026-09-18 20:09:00+00:00,335.5722222953796,270.6342861372977,162.21858126379823,350.8278870662216
2026-09-18 20:10:00+00:00,335.5669935110642,270.63856397010386,162.21047158606427,350.9521528158948
2026-09-18 20:11:00+00:00,335.5460803269953,270.63194016413763,162.19856757923833,351.0775217548289
2026-09-18 20:12:00+00:00,335.50251835687834,270.6502790939994,162.18911267772876,351.0522270532201
2026-09-18 20:13:00+00:00,335.4764115413275,270.6829779795371,162.13801942959913,350.98731550749653
2026-09-18 20:14:00+00:00,335.52018709220147,270.6474466379732,162.06400957898427,350.9803210530081
2026-09-18 20:15:00+00:00,335.50655302863106,270.63797027338296,161.9834949403321,350.9879619667445
2026-09-18 20:16:00+00:00,335.53271420244465,270.63720034388825,162.01857617996882,350.975415689878
2026-09-18 20:17:00+00:00,335.56121322338635,270.6280141267925,162.00051390771,351.001413424543
2026-09-18 20:18:00+00:00,335.5524386322937,270.61792329279706,162.0126632349395,350.9861095194865
2026-09-18 20:19:00+00:00,335.5549542048618,270.56758772814646,162.01246040861076,350.97424074847004
2026-09-18 20:20:00+00:00,335.5538842989857,270.5906715411693,162.03410779445278,350.97233517702625
2026-09-18 20:21:00+00:00,335.55279815986114,270.6452139094472,162.03939411763554,351.03511623592203
2026-09-18 20:22:00+00:00,335.572904397637,270.6452139094472,162.04507132603135,351.0472416588491
2026-09-18 20:23:00+00:00,335.5647961883064,270.64673366583884,162.05611954438314,351.0237166135594
2026-09-18 20:24:00+00:00,335.5250953847788,270.6170494998805,162.08152527497293,351.0486670428472
2026-09-18 20:25:00+00:00,335.4732095062274,270.6296464577317,162.19440569146798,351.02702894104004
2026-09-18 20:26:00+00:00,335.5302791653641,270.6563922939822,162.347991272645,350.9993402014479
2026-09-18 20:27:00+00:00,335.559889884259,270.6256252680905,162.43781524799726,350.9845972050025
2026-09-18 20:28:00+00:00,335.6127317426742,270.6233697566204,162.53015511367994,351.02940780068457
2026-09-18 20:29:00+00:00,335.61957625577094,270.6233697566204,162.51547133133272,351.0218724453953
2026-09-18 20:30:00+00:00,335.6088141402686,270.6233697566204,162.48452371035842,351.0196481288367
2026-09-18 20:31:00+00:00,335.59744756209,270.6233697566204,162.49208669127165,351.0090163924324
2026-09-18 20:32:00+00:00,335.6007781855136,270.6233697566204,162.4975000144766,350.9898406311331
2026-09-18 20:33:00+00:00,335.6337368924817,270.6233697566204,162.4980279054089,350.9977312975352
2026-09-18 20:34:00+00:00,335.6269789908507,270.6233697566204,162.5082593936702,351.0184276524124
2026-09-18 20:35:00+00:00,335.64250965428033,270.6233697566204,162.4988278789706,351.0351355538078
2026-09-18 20:36:00+00:00,335.6320348687139,270.6233697566204,162.4917263656273,351.04037415046696
2026-09-18 20:37:00+00:00,335.6072800775568,270.6233697566204,162.4733177515899,350.9783947838296
2026-09-18 20:38:00+00:00,335.57290751122497,270.6233697566204,162.43417413867576,351.0086879883748
2026-09-18 20:39:00+00:00,335.5528543358127,270.6233697566204,162.41291299684997,350.8997116553437
2026-09-18 20:40:00+00:00,335.57297982398967,270.6233697566204,162.37870327753637,350.8546395782796
2026-09-18 20:41:00+00:00,335.5950535049694,270.6233697566204,162.30688340879442,350.8169138171943
2026-09-18 20:42:00+00:00,335.61608787112715,270.6233697566204,162.29152128840747,350.82130173695623
2026-09-18 20:43:00+00:00,335.60943054712106,270.6233697566204,162.3068128867128,350.80941088835607
2026-09-18 20:44:00+00:00,335.59156042393664,270.6233697566204,162.31948817606553,350.770457061677
2026-09-18 20:45:00+00:00,335.5975436006698,270.6233697566204,162.3158391104066,350.69350564366323
2026-09-18 20:46:00+00:00,335.6007046295293,270.6233697566204,162.3147692241257,350.6966689474539
2026-09-18 20:47:00+00:00,335.59437852160005,270.6233697566204,162.32501686616297,350.7297177104156
2026-09-18 20:48:00+00:00,335.6046835765378,270.6233697566204,162.32342939602324,350.7176150549967
2026-09-18 20:49:00+00:00,335.5861335018138,270.6233697566204,162.329089365688,350.7224459062818
2026-09-18 20:50:00+00:00,335.5615009535752,270.6233697566204,162.32853700299063,350.7198090148777
2026-09-18 20:51:00+00:00,335.55030395900434,270.6233697566204,162.31374647311645,350.74080617683285
2026-09-18 20:52:00+00:00,335.56594236328846,270.6233697566204,162.3088460925735,350.7438687516478
2026-09-18 20:53:00+00:00,335.58676562998784,270.6233697566204,162.3347603657296,350.73693639036355
2026-09-18 20:54:00+00:00,335.5643052191162,270.6233697566204,162.34808994328398,350.74899075106805
2026-09-18 20:55:00+00:00,335.5605572828946,270.6233697566204,162.37285307907712,350.7390399701362
2026-09-18 20:56:00+00:00,335.55805890577943,270.6233697566204,162.34986643671257,350.7360415582989
2026-09-18 20:57:00+00:00,335.5562057451915,270.6233697566204,162.34680704415143,350.72306131892765
2026-09-18 20:58:00+00:00,335.5493285369363,270.6233697566204,162.36160082889091,350.726738616464
2026-09-18 20:59:00+00:00,335.5581019755574,270.6233697566204,162.361500470544,350.7472417924837
2026-09-18 21:00:00+00:00,335.5658370579527,270.6233697566204,162.35501876794024,350.73287756458376
2026-09-18 21:01:00+00:00,335.5761116906048,270.6233697566204,162.35692846974518,350.73242497411775
2026-09-18 21:02:00+00:00,335.5761116906048,270.6233697566204,162.35260462228825,350.7358821857415
2026-09-18 21:03:00+00:00,335.57442745724927,270.6233697566204,162.3530439085539,350.72713601297073
2026-09-18 21:04:00+00:00,335.56743415767835,270.6233697566204,162.35076363430642,350.73904548953215
2026-09-18 21:05:00+00:00,335.55866071905723,270.6233697566204,162.3521435766453,350.72064313358715
2026-09-18 21:06:00+00:00,335.5576016916116,270.6233697566204,162.3577476711223,350.73646793163425
2026-09-18 21:07:00+00:00,335.56375743012177,270.6233697566204,162.35398601123393,350.7428497331748
2026-09-18 21:08:00+00:00,335.5593292160941,270.6233697566204,162.34787204813438,350.7375317951992
2026-09-18 21:09:00+00:00,335.5593292160941,270.6233697566204,162.34800706476926,350.7471514123754
2026-09-18 21:10:00+00:00,335.56122544646,270.6233697566204,162.3482048279742,350.7761654969145
2026-09-18 21:11:00+00:00,335.56215068253965,270.6233697566204,162.3450413399986,350.86246677162853
2026-09-18 21:12:00+00:00,335.5611622413681,270.6233697566204,162.3450413399986,350.8819302314405
2026-09-18 21:13:00+00:00,335.5557910480724,270.6233697566204,162.3450413399986,350.9037780702929
2026-09-18 21:14:00+00:00,335.55012869036807,270.6233697566204,162.3455201065749,350.92344574775416
2026-09-18 21:15:00+00:00,335.57653961125743,270.6233697566204,162.3455201065749,350.9694133468074
2026-09-18 21:16:00+00:00,335.5679458027889,270.6233697566204,162.3455201065749,351.0193749187383
2026-09-18 21:17:00+00:00,335.5606542182893,270.6233697566204,162.34672434646257,351.0160191260147
2026-09-18 21:18:00+00:00,335.5635587826531,270.6233697566204,162.34863657982942,351.0471871548143
2026-09-18 21:19:00+00:00,335.5612269111393,270.6233697566204,162.34863657982942,351.0468842779628
2026-09-18 21:20:00+00:00,335.5625489764701,270.6233697566204,162.34340456467703,351.0495232391404
2026-09-18 21:21:00+00:00,335.53568597844867,270.6233697566204,162.34624557988627,351.0395634891902
2026-09-18 21:22:00+00:00,335.53640825563855,270.6233697566204,162.34499432527753,351.0734173940328
2026-09-18 21:23:00+00:00,335.5205776985937,270.6233697566204,162.3441049634705,351.0734173940328
2026-09-18 21:24:00+00:00,335.512481126178,270.6233697566204,162.34290072358283,351.0734173940328
2026-09-18 21:25:00+00:00,335.5225653960463,270.6233697566204,162.34290072358283,351.07504837552915
2026-09-18 21:26:00+00:00,335.52115876061214,270.6233697566204,162.3441049634705,351.0371446139252
2026-09-18 21:27:00+00:00,335.5152321039846,270.6233697566204,162.3441049634705,351.03517418957927
2026-09-18 21:28:00+00:00,335.5030258830749,270.6233697566204,162.3441049634705,351.0312485192262
2026-09-18 21:29:00+00:00,335.48236039072856,270.6233697566204,162.3441049634705,351.019434942169
2026-09-18 21:30:00+00:00,335.4902635676861,270.6233697566204,162.34547309185382,351.019434942169
2026-09-18 21:31:00+00:00,335.48838146332724,270.6233697566204,162.34547309185382,351.02433202620523
2026-09-18 21:32:00+00:00,335.48838146332724,270.6233697566204,162.3441049634705,351.0183579700388
2026-09-18 21:33:00+00:00,335.48838146332724,270.6233697566204,162.3441049634705,351.0183579700388
2026-09-18 21:34:00+00:00,335.4873074546798,270.6233697566204,162.3441049634705,351.0165276003645
2026-09-18 21:35:00+00:00,335.48638221860006,270.6233697566204,162.34535621807925,351.0243886000135
2026-09-18 21:36:00+00:00,335.4891894779407,270.6233697566204,162.34535621807925,351.0243886000135
2026-09-18 21:37:00+00:00,335.48172599304587,270.6233697566204,162.34535621807925,351.02859437970983
2026-09-18 21:38:00+00:00,335.51813577290415,270.6233697566204,162.34535621807925,351.049552215969
2026-09-18 21:39:00+00:00,335.52451086368,270.6233697566204,162.34535621807925,351.049552215969
2026-09-18 21:40:00+00:00,335.5159229275128,270.6233697566204,162.34535621807925,350.9715134769576
2026-09-18 21:41:00+00:00,335.52408183970164,270.6233697566204,162.34535621807925,350.96370560149444
2026-09-18 21:42:00+00:00,335.5300464931235,270.6233697566204,162.3441049634705,350.9664501211191
2026-09-18 21:43:00+00:00,335.5313685584544,270.6233697566204,162.3441049634705,350.9556327950268
2026-09-18 21:44:00+00:00,335.52708823033385,270.6233697566204,162.34535621807925,350.9527440811835
2026-09-18 21:45:00+00:00,335.54152766090147,270.6233697566204,162.34535621807925,350.95139458887934
2026-09-18 21:46:00+00:00,335.5339240584676,270.6233697566204,162.34535621807925,350.9384950706735
2026-09-18 21:47:00+00:00,335.5195798679903,270.6233697566204,162.34535621807925,350.9387620714515
2026-09-18 21:48:00+00:00,335.5080207071697,270.6233697566204,162.34535621807925,350.9389821573641
2026-09-18 21:49:00+00:00,335.486162781672,270.6233697566204,162.34535621807925,350.9402647269926
2026-09-18 21:50:00+00:00,335.49753494610826,270.6233697566204,162.34535621807925,350.9348998741516
2026-09-18 21:51:00+00:00,335.49708383142854,270.6233697566204,162.34535621807925,350.88800984605405
2026-09-18 21:52:00+00:00,335.49708383142854,270.6233697566204,162.34535621807925,350.8045807269955
2026-09-18 21:53:00+00:00,335.4891188302822,270.6233697566204,162.34535621807925,350.79424565812224
2026-09-18 21:54:00+00:00,335.47530959900246,270.6233697566204,162.34535621807925,350.7940745568485
2026-09-18 21:55:00+00:00,335.47530959900246,270.6233697566204,162.34535621807925,350.8004839553687
2026-09-18 21:56:00+00:00,335.4986635902417,270.6233697566204,162.34535621807925,350.83441375190523
2026-09-18 21:57:00+00:00,335.5139021429061,270.6233697566204,162.34535621807925,350.831789279142
2026-09-18 21:58:00+00:00,335.5099793723135,270.6233697566204,162.34535621807925,350.8187331480767
2026-09-18 21:59:00+00:00,335.4896041764266,270.6233697566204,162.34535621807925,350.8187331480767
2026-09-18 22:00:00+00:00,335.49169251037017,270.6233697566204,162.34535621807925,350.81613903199104
2026-09-18 22:01:00+00:00,335.4903961587026,270.6233697566204,162.34535621807925,350.8238958530419
2026-09-18 22:02:00+00:00,335.4903961587026,270.6233697566204,162.34535621807925,350.84937545441426
2026-09-18 22:03:00+00:00,335.4903961587026,270.6233697566204,162.34535621807925,350.8496010597228
2026-09-18 22:04:00+00:00,335.4903961587026,270.6233697566204,162.34535621807925,350.8484716533312
2026-09-18 22:05:00+00:00,335.4988671429522,270.6233697566204,162.34535621807925,350.8614829393045
2026-09-18 22:06:00+00:00,335.4897881524028,270.6233697566204,162.34535621807925,350.8523138428209
2026-09-18 22:07:00+00:00,335.50099361813227,270.6233697566204,162.34535621807925,350.8486524135478
2026-09-18 22:08:00+00:00,335.49526239231807,270.6233697566204,162.34535621807925,350.88077667769176
2026-09-18 22:09:00+00:00,335.49748938649617,270.6233697566204,162.34535621807925,350.9016979479529
2026-09-18 22:10:00+00:00,335.50900244963555,270.6233697566204,162.34535621807925,350.93718490406536
2026-09-18 22:11:00+00:00,335.5071651634063,270.6233697566204,162.34535621807925,351.02484326025296
2026-09-18 22:12:00+00:00,335.4869630226002,270.6233697566204,162.34535621807925,350.98239565595213
2026-09-18 22:13:00+00:00,335.467923125488,270.6233697566204,162.34535621807925,350.9647977519635
2026-09-18 22:14:00+00:00,335.4766122031548,270.6233697566204,162.34535621807925,350.9576018395237
2026-09-18 22:15:00+00:00,335.52538250107875,270.6233697566204,162.34535621807925,350.97613597104646
2026-09-18 22:16:00+00:00,335.5515301149717,270.6233697566204,162.34535621807925,350.9729650780864
2026-09-18 22:17:00+00:00,335.5625604024528,270.6233697566204,162.34535621807925,350.9616668746239
2026-09-18 22:18:00+00:00,335.54852558392633,270.6233697566204,162.34535621807925,350.9591003555179
2026-09-18 22:19:00+00:00,335.55061391786984,270.6233697566204,162.34535621807925,350.95771981661164
2026-09-18 22:20:00+00:00,335.5589175105821,270.6233697566204,162.34535621807925,350.95917003789145
2026-09-18 22:21:00+00:00,335.5568291766386,270.6233697566204,162.34535621807925,351.01707609033474
2026-09-18 22:22:00+00:00,335.56537425026454,270.6233697566204,162.34535621807925,351.03632360378106
2026-09-18 22:23:00+00:00,335.5671969695784,270.6233697566204,162.34535621807925,351.01606328118214
2026-09-18 22:24:00+00:00,335.5744794124885,270.6233697566204,162.34535621807925,351.0138210265868
2026-09-18 22:25:00+00:00,335.5624808692876,270.6233697566204,162.34535621807925,350.9991697900987
2026-09-18 22:26:00+00:00,335.5370766115144,270.6233697566204,162.34535621807925,350.99242163865347
2026-09-18 22:27:00+00:00,335.5111083437719,270.6233697566204,162.34535621807925,351.0192714300647
2026-09-18 22:28:00+00:00,335.50454237916483,270.6233697566204,162.34535621807925,351.0256808285849
2026-09-18 22:29:00+00:00,335.51355619573366,270.6233697566204,162.34535621807925,351.0248349811591
