Timestamp,JNJ
2026-09-18 20:00:00+00:00,270.1455993563868
2026-09-18 20:01:00+00:00,270.3224546406418
2026-09-18 20:02:00+00:00,270.4883151440881
2026-09-18 20:03:00+00:00,270.48754320433363
2026-09-18 20:04:00+00:00,270.505491473712
2026-09-18 20:05:00+00:00,270.4811961441301
2026-09-18 20:06:00+00:00,270.50361322099343
2026-09-18 20:07:00+00:00,270.6015597782098
2026-09-18 20:08:00+00:00,270.59912602370605
2026-09-18 20:09:00+00:00,270.63428613729775
2026-09-18 20:10:00+00:00,270.63856397010386
2026-09-18 20:11:00+00:00,270.63194016413763
2026-09-18 20:12:00+00:00,270.6502790939994
2026-09-18 20:13:00+00:00,270.6829779795371
2026-09-18 20:14:00+00:00,270.6474466379732
2026-09-18 20:15:00+00:00,270.63797027338296
2026-09-18 20:16:00+00:00,270.63720034388825
2026-09-18 20:17:00+00:00,270.62801412679255
2026-09-18 20:18:00+00:00,270.61792329279706
2026-09-18 20:19:00+00:00,270.56758772814646
2026-09-18 20:20:00+00:00,270.5906715411693
2026-09-18 20:21:00+00:00,270.6452139094472
2026-09-18 20:22:00+00:00,270.6452139094472
2026-09-18 20:23:00+00:00,270.64673366583884
2026-09-18 20:24:00+00:00,270.6170494998805
2026-09-18 20:25:00+00:00,270.6296464577317
2026-09-18 20:26:00+00:00,270.6563922939822
2026-09-18 20:27:00+00:00,270.6256252680905
2026-09-18 20:28:00+00:00,270.6233697566204
2026-09-18 20:29:00+00:00,270.6233697566204
2026-09-18 20:30:00+00:00,270.6233697566204
2026-09-18 20:31:00+00:00,270.6233697566204
2026-09-18 20:32:00+00:00,270.6233697566204
2026-09-18 20:33:00+00:00,270.6233697566204
2026-09-18 20:34:00+00:00,270.6233697566204
2026-09-18 20:35:00+00:00,270.6233697566204
2026-09-18 20:36:00+00:00,270.6233697566204
2026-09-18 20:37:00+00:00,270.6233697566204
2026-09-18 20:38:00+00:00,270.6233697566204
2026-09-18 20:39:00+00:00,270.6233697566204
2026-09-18 20:40:00+00:00,270.6233697566204
2026-09-18 20:41:00+00:00,270.6233697566204
2026-09-18 20:42:00+00:00,270.6233697566204
2026-09-18 20:43:00+00:00,270.6233697566204
2026-09-18 20:44:00+00:00,270.6233697566204
2026-09-18 20:45:00+00:00,270.6233697566204
2026-09-18 20:46:00+00:00,270.6233697566204
2026-09-18 20:47:00+00:00,270.6233697566204
2026-09-18 20:48:00+00:00,270.6233697566204
2026-09-18 20:49:00+00:00,270.6233697566204
2026-09-18 20:50:00+00:00,270.6233697566204
2026-09-18 20:51:00+00:00,270.6233697566204
2026-09-18 20:52:00+00:00,270.6233697566204
2026-09-18 20:53:00+00:00,270.6233697566204
2026-09-18 20:54:00+00:00,270.6233697566204
2026-09-18 20:55:00+00:00,270.6233697566204
2026-09-18 20:56:00+00:00,270.6233697566204
2026-09-18 20:57:00+00:00,270.6233697566204
2026-09-18 20:58:00+00:00,270.6233697566204
2026-09-18 20:59:00+00:00,270.6233697566204
2026-09-18 21:00:00+00:00,270.6233697566204
2026-09-18 21:01:00+00:00,270.6233697566204
2026-09-18 21:02:00+00:00,270.6233697566204
2026-09-18 21:03:00+00:00,270.6233697566204
2026-09-18 21:04:00+00:00,270.6233697566204
2026-09-18 21:05:00+00:00,270.6233697566204
2026-09-18 21:06:00+00:00,270.6233697566204
2026-09-18 21:07:00+00:00,270.6233697566204
2026-09-18 21:08:00+00:00,270.6233697566204
2026-09-18 21:09:00+00:00,270.6233697566204
2026-09-18 21:10:00+00:00,270.6233697566204
2026-09-18 21:11:00+00:00,270.6233697566204
2026-09-18 21:12:00+00:00,270.6233697566204
2026-09-18 21:13:00+00:00,270.6233697566204
2026-09-18 21:14:00+00:00,270.6233697566204
2026-09-18 21:15:00+00:00,270.6233697566204
2026-09-18 21:16:00+00:00,270.6233697566204
2026-09-18 21:17:00+00:00,270.6233697566204
2026-09-18 21:18:00+00:00,270.6233697566204
2026-09-18 21:19:00+00:00,270.6233697566204
2026-09-18 21:20:00+00:00,270.6233697566204
2026-09-18 21:21:00+00:00,270.6233697566204
2026-09-18 21:22:00+00:00,270.6233697566204
2026-09-18 21:23:00+00:00,270.6233697566204
2026-09-18 21:24:00+00:00,270.6233697566204
2026-09-18 21:25:00+00:00,270.6233697566204
2026-09-18 21:26:00+00:00,270.6233697566204
2026-09-18 21:27:00+00:00,270.6233697566204
2026-09-18 21:28:00+00:00,270.6233697566204
2026-09-18 21:29:00+00:00,270.6233697566204
2026-09-18 21:30:00+00:00,270.6233697566204
2026-09-18 21:31:00+00:00,270.6233697566204
2026-09-18 21:32:00+00:00,270.6233697566204
2026-09-18 21:33:00+00:00,270.6233697566204
2026-09-18 21:34:00+00:00,270.6233697566204
2026-09-18 21:35:00+00:00,270.6233697566204
2026-09-18 21:36:00+00:00,270.6233697566204
2026-09-18 21:37:00+00:00,270.6233697566204
2026-09-18 21:38:00+00:00,270.6233697566204
2026-09-18 21:39:00+00:00,270.6233697566204
2026-09-18 21:40:00+00:00,270.6233697566204
2026-09-18 21:41:00+00:00,270.6233697566204
2026-09-18 21:42:00+00:00,270.6233697566204
2026-09-18 21:43:00+00:00,270.6233697566204
2026-09-18 21:44:00+00:00,270.6233697566204
2026-09-18 21:45:00+00:00,270.6233697566204
2026-09-18 21:46:00+00:00,270.6233697566204
2026-09-18 21:47:00+00:00,270.6233697566204
2026-09-18 21:48:00+00:00,270.6233697566204
2026-09-18 21:49:00+00:00,270.6233697566204
2026-09-18 21:50:00+00:00,270.6233697566204
2026-09-18 21:51:00+00:00,270.6233697566204
2026-09-18 21:52:00+00:00,270.6233697566204
2026-09-18 21:53:00+00:00,270.6233697566204
2026-09-18 21:54:00+00:00,270.6233697566204
2026-09-18 21:55:00+00:00,270.6233697566204
2026-09-18 21:56:00+00:00,270.6233697566204
2026-09-18 21:57:00+00:00,270.6233697566204
2026-09-18 21:58:00+00:00,270.6233697566204
2026-09-18 21:59:00+00:00,270.6233697566204
2026-09-18 22:00:00+00:00,270.6233697566204
2026-09-18 22:01:00+00:00,270.6233697566204
2026-09-18 22:02:00+00:00,270.6233697566204
2026-09-18 22:03:00+00:00,270.6233697566204
2026-09-18 22:04:00+00:00,270.6233697566204
2026-09-18 22:05:00+00:00,270.6233697566204
2026-09-18 22:06:00+00:00,270.6233697566204
2026-09-18 22:07:00+00:00,270.6233697566204
2026-09-18 22:08:00+00:00,270.6233697566204
2026-09-18 22:09:00+00:00,270.6233697566204
2026-09-18 22:10:00+00:00,270.6233697566204
2026-09-18 22:11:00+00:00,270.6233697566204
2026-09-18 22:12:00+00:00,270.6233697566204
2026-09-18 22:13:00+00:00,270.6233697566204
2026-09-18 22:14:00+00:00,270.6233697566204
2026-09-18 22:15:00+00:00,270.6233697566204
2026-09-18 22:16:00+00:00,270.6233697566204
2026-09-18 22:17:00+00:00,270.6233697566204
2026-09-18 22:18:00+00:00,270.6233697566204
2026-09-18 22:19:00+00:00,270.6233697566204
2026-09-18 22:20:00+00:00,270.6233697566204
2026-09-18 22:21:00+00:00,270.6233697566204
2026-09-18 22:22:00+00:00,270.6233697566204
2026-09-18 22:23:00+00:00,270.6233697566204
2026-09-18 22:24:00+00:00,270.6233697566204
2026-09-18 22:25:00+00:00,270.6233697566204
2026-09-18 22:26:00+00:00,270.6233697566204
2026-09-18 22:27:00+00:00,270.6233697566204
2026-09-18 22:28:00+00:00,270.6233697566204
2026-09-18 22:29:00+00:00,270.6233697566204
