Timestamp,JPM
2026-09-18 20:00:00+00:00,349.1715411858204
2026-09-18 20:01:00+00:00,349.5291966620389
2026-09-18 20:02:00+00:00,349.75387264226447
2026-09-18 20:03:00+00:00,349.8737014875369
2026-09-18 20:04:00+00:00,349.84383741602505
2026-09-18 20:05:00+00:00,349.9343886256029
2026-09-18 20:06:00+00:00,350.1811987633446
2026-09-18 20:07:00+00:00,350.5193155779816
2026-09-18 20:08:00+00:00,350.7336668382013
2026-09-18 20:09:00+00:00,350.8278870662216
2026-09-18 20:10:00+00:00,350.9521528158948
2026-09-18 20:11:00+00:00,351.0775217548289
2026-09-18 20:12:00+00:00,351.0522270532201
2026-09-18 20:13:00+00:00,350.98731550749653
2026-09-18 20:14:00+00:00,350.9803210530081
2026-09-18 20:15:00+00:00,350.9879619667445
2026-09-18 20:16:00+00:00,350.975415689878
2026-09-18 20:17:00+00:00,351.001413424543
2026-09-18 20:18:00+00:00,350.9861095194865
2026-09-18 20:19:00+00:00,350.97424074847004
2026-09-18 20:20:00+00:00,350.97233517702625
2026-09-18 20:21:00+00:00,351.03511623592203
2026-09-18 20:22:00+00:00,351.0472416588491
2026-09-18 20:23:00+00:00,351.0237166135594
2026-09-18 20:24:00+00:00,351.0486670428472
2026-09-18 20:25:00+00:00,351.02702894104004
2026-09-18 20:26:00+00:00,350.9993402014479
2026-09-18 20:27:00+00:00,350.9845972050025
2026-09-18 20:28:00+00:00,351.02940780068457
2026-09-18 20:29:00+00:00,351.0218724453953
2026-09-18 20:30:00+00:00,351.0196481288367
2026-09-18 20:31:00+00:00,351.0090163924324
2026-09-18 20:32:00+00:00,350.9898406311331
2026-09-18 20:33:00+00:00,350.9977312975352
2026-09-18 20:34:00+00:00,351.01842765241236
2026-09-18 20:35:00+00:00,351.0351355538078
2026-09-18 20:36:00+00:00,351.04037415046696
2026-09-18 20:37:00+00:00,350.9783947838296
2026-09-18 20:38:00+00:00,351.00868798837473
2026-09-18 20:39:00+00:00,350.8997116553437
2026-09-18 20:40:00+00:00,350.8546395782796
2026-09-18 20:41:00+00:00,350.8169138171943
2026-09-18 20:42:00+00:00,350.82130173695623
2026-09-18 20:43:00+00:00,350.80941088835607
2026-09-18 20:44:00+00:00,350.770457061677
2026-09-18 20:45:00+00:00,350.69350564366323
2026-09-18 20:46:00+00:00,350.6966689474539
2026-09-18 20:47:00+00:00,350.72971771041557
2026-09-18 20:48:00+00:00,350.7176150549967
2026-09-18 20:49:00+00:00,350.7224459062818
2026-09-18 20:50:00+00:00,350.7198090148777
2026-09-18 20:51:00+00:00,350.74080617683285
2026-09-18 20:52:00+00:00,350.7438687516478
2026-09-18 20:53:00+00:00,350.73693639036355
2026-09-18 20:54:00+00:00,350.74899075106805
2026-09-18 20:55:00+00:00,350.7390399701362
2026-09-18 20:56:00+00:00,350.7360415582989
2026-09-18 20:57:00+00:00,350.72306131892765
2026-09-18 20:58:00+00:00,350.726738616464
2026-09-18 20:59:00+00:00,350.7472417924837
2026-09-18 21:00:00+00:00,350.73287756458376
2026-09-18 21:01:00+00:00,350.73242497411775
2026-09-18 21:02:00+00:00,350.7358821857415
2026-09-18 21:03:00+00:00,350.72713601297073
2026-09-18 21:04:00+00:00,350.73904548953215
2026-09-18 21:05:00+00:00,350.72064313358715
2026-09-18 21:06:00+00:00,350.73646793163425
2026-09-18 21:07:00+00:00,350.7428497331748
2026-09-18 21:08:00+00:00,350.7375317951992
2026-09-18 21:09:00+00:00,350.7471514123754
2026-09-18 21:10:00+00:00,350.7761654969145
2026-09-18 21:11:00+00:00,350.86246677162853
2026-09-18 21:12:00+00:00,350.8819302314405
2026-09-18 21:13:00+00:00,350.9037780702929
2026-09-18 21:14:00+00:00,350.92344574775416
2026-09-18 21:15:00+00:00,350.9694133468074
2026-09-18 21:16:00+00:00,351.0193749187383
2026-09-18 21:17:00+00:00,351.0160191260147
2026-09-18 21:18:00+00:00,351.0471871548143
2026-09-18 21:19:00+00:00,351.0468842779628
2026-09-18 21:20:00+00:00,351.0495232391404
2026-09-18 21:21:00+00:00,351.0395634891902
2026-09-18 21:22:00+00:00,351.07341739403273
2026-09-18 21:23:00+00:00,351.07341739403273
2026-09-18 21:24:00+00:00,351.07341739403273
2026-09-18 21:25:00+00:00,351.07504837552915
2026-09-18 21:26:00+00:00,351.0371446139252
2026-09-18 21:27:00+00:00,351.03517418957927
2026-09-18 21:28:00+00:00,351.0312485192262
2026-09-18 21:29:00+00:00,351.019434942169
2026-09-18 21:30:00+00:00,351.019434942169
2026-09-18 21:31:00+00:00,351.02433202620523
2026-09-18 21:32:00+00:00,351.0183579700388
2026-09-18 21:33:00+00:00,351.0183579700388
2026-09-18 21:34:00+00:00,351.0165276003645
2026-09-18 21:35:00+00:00,351.0243886000135
2026-09-18 21:36:00+00:00,351.0243886000135
2026-09-18 21:37:00+00:00,351.02859437970983
2026-09-18 21:38:00+00:00,351.049552215969
2026-09-18 21:39:00+00:00,351.049552215969
2026-09-18 21:40:00+00:00,350.9715134769576
2026-09-18 21:41:00+00:00,350.96370560149444
2026-09-18 21:42:00+00:00,350.9664501211191
2026-09-18 21:43:00+00:00,350.95563279502676
2026-09-18 21:44:00+00:00,350.9527440811835
2026-09-18 21:45:00+00:00,350.95139458887934
2026-09-18 21:46:00+00:00,350.9384950706735
2026-09-18 21:47:00+00:00,350.9387620714515
2026-09-18 21:48:00+00:00,350.9389821573641
2026-09-18 21:49:00+00:00,350.9402647269926
2026-09-18 21:50:00+00:00,350.9348998741516
2026-09-18 21:51:00+00:00,350.88800984605405
2026-09-18 21:52:00+00:00,350.8045807269955
2026-09-18 21:53:00+00:00,350.79424565812224
2026-09-18 21:54:00+00:00,350.7940745568485
2026-09-18 21:55:00+00:00,350.8004839553687
2026-09-18 21:56:00+00:00,350.83441375190523
2026-09-18 21:57:00+00:00,350.83178927914196
2026-09-18 21:58:00+00:00,350.8187331480767
2026-09-18 21:59:00+00:00,350.8187331480767
2026-09-18 22:00:00+00:00,350.81613903199104
2026-09-18 22:01:00+00:00,350.8238958530419
2026-09-18 22:02:00+00:00,350.84937545441426
2026-09-18 22:03:00+00:00,350.8496010597228
2026-09-18 22:04:00+00:00,350.8484716533312
2026-09-18 22:05:00+00:00,350.86148293930455
2026-09-18 22:06:00+00:00,350.8523138428209
2026-09-18 22:07:00+00:00,350.8486524135478
2026-09-18 22:08:00+00:00,350.88077667769176
2026-09-18 22:09:00+00:00,350.9016979479529
2026-09-18 22:10:00+00:00,350.93718490406536
2026-09-18 22:11:00+00:00,351.02484326025296
2026-09-18 22:12:00+00:00,350.98239565595213
2026-09-18 22:13:00+00:00,350.9647977519635
2026-09-18 22:14:00+00:00,350.9576018395237
2026-09-18 22:15:00+00:00,350.97613597104646
2026-09-18 22:16:00+00:00,350.9729650780864
2026-09-18 22:17:00+00:00,350.9616668746239
2026-09-18 22:18:00+00:00,350.9591003555179
2026-09-18 22:19:00+00:00,350.95771981661164
2026-09-18 22:20:00+00:00,350.95917003789145
2026-09-18 22:21:00+00:00,351.01707609033474
2026-09-18 22:22:00+00:00,351.03632360378106
2026-09-18 22:23:00+00:00,351.01606328118214
2026-09-18 22:24:00+00:00,351.0138210265868
2026-09-18 22:25:00+00:00,350.9991697900987
2026-09-18 22:26:00+00:00,350.99242163865347
2026-09-18 22:27:00+00:00,351.0192714300647
2026-09-18 22:28:00+00:00,351.0256808285849
2026-09-18 22:29:00+00:00,351.0248349811591
