Timestamp,XOM
2026-09-18 20:00:00+00:00,162.8363279967898
2026-09-18 20:01:00+00:00,162.71835600655277
2026-09-18 20:02:00+00:00,162.62218860009693
2026-09-18 20:03:00+00:00,162.55689395271338
2026-09-18 20:04:00+00:00,162.5118305836629
2026-09-18 20:05:00+00:00,162.43850292870593
2026-09-18 20:06:00+00:00,162.41283168549262
2026-09-18 20:07:00+00:00,162.31060480479346
2026-09-18 20:08:00+00:00,162.24547000746156
2026-09-18 20:09:00+00:00,162.21858126379823
2026-09-18 20:10:00+00:00,162.21047158606427
2026-09-18 20:11:00+00:00,162.19856757923833
2026-09-18 20:12:00+00:00,162.18911267772876
2026-09-18 20:13:00+00:00,162.13801942959913
2026-09-18 20:14:00+00:00,162.06400957898427
2026-09-18 20:15:00+00:00,161.9834949403321
2026-09-18 20:16:00+00:00,162.01857617996882
2026-09-18 20:17:00+00:00,162.00051390771
2026-09-18 20:18:00+00:00,162.0126632349395
2026-09-18 20:19:00+00:00,162.01246040861076
2026-09-18 20:20:00+00:00,162.03410779445278
2026-09-18 20:21:00+00:00,162.03939411763554
2026-09-18 20:22:00+00:00,162.04507132603135
2026-09-18 20:23:00+00:00,162.05611954438314
2026-09-18 20:24:00+00:00,162.08152527497293
2026-09-18 20:25:00+00:00,162.19440569146798
2026-09-18 20:26:00+00:00,162.347991272645
2026-09-18 20:27:00+00:00,162.43781524799726
2026-09-18 20:28:00+00:00,162.53015511367994
2026-09-18 20:29:00+00:00,162.51547133133272
2026-09-18 20:30:00+00:00,162.48452371035842
2026-09-18 20:31:00+00:00,162.49208669127165
2026-09-18 20:32:00+00:00,162.4975000144766
2026-09-18 20:33:00+00:00,162.4980279054089
2026-09-18 20:34:00+00:00,162.5082593936702
2026-09-18 20:35:00+00:00,162.4988278789706
2026-09-18 20:36:00+00:00,162.4917263656273
2026-09-18 20:37:00+00:00,162.4733177515899
2026-09-18 20:38:00+00:00,162.43417413867576
2026-09-18 20:39:00+00:00,162.41291299684997
2026-09-18 20:40:00+00:00,162.37870327753637
2026-09-18 20:41:00+00:00,162.30688340879442
2026-09-18 20:42:00+00:00,162.29152128840747
2026-09-18 20:43:00+00:00,162.3068128867128
2026-09-18 20:44:00+00:00,162.31948817606553
2026-09-18 20:45:00+00:00,162.3158391104066
2026-09-18 20:46:00+00:00,162.3147692241257
2026-09-18 20:47:00+00:00,162.32501686616297
2026-09-18 20:48:00+00:00,162.32342939602324
2026-09-18 20:49:00+00:00,162.329089365688
2026-09-18 20:50:00+00:00,162.32853700299063
2026-09-18 20:51:00+00:00,162.31374647311645
2026-09-18 20:52:00+00:00,162.3088460925735
2026-09-18 20:53:00+00:00,162.3347603657296
2026-09-18 20:54:00+00:00,162.34808994328398
2026-09-18 20:55:00+00:00,162.37285307907712
2026-09-18 20:56:00+00:00,162.34986643671255
2026-09-18 20:57:00+00:00,162.34680704415143
2026-09-18 20:58:00+00:00,162.36160082889091
2026-09-18 20:59:00+00:00,162.361500470544
2026-09-18 21:00:00+00:00,162.35501876794024
2026-09-18 21:01:00+00:00,162.35692846974518
2026-09-18 21:02:00+00:00,162.35260462228825
2026-09-18 21:03:00+00:00,162.3530439085539
2026-09-18 21:04:00+00:00,162.35076363430642
2026-09-18 21:05:00+00:00,162.3521435766453
2026-09-18 21:06:00+00:00,162.3577476711223
2026-09-18 21:07:00+00:00,162.35398601123393
2026-09-18 21:08:00+00:00,162.34787204813438
2026-09-18 21:09:00+00:00,162.34800706476926
2026-09-18 21:10:00+00:00,162.3482048279742
2026-09-18 21:11:00+00:00,162.3450413399986
2026-09-18 21:12:00+00:00,162.3450413399986
2026-09-18 21:13:00+00:00,162.3450413399986
2026-09-18 21:14:00+00:00,162.3455201065749
2026-09-18 21:15:00+00:00,162.3455201065749
2026-09-18 21:16:00+00:00,162.3455201065749
2026-09-18 21:17:00+00:00,162.34672434646257
2026-09-18 21:18:00+00:00,162.34863657982942
2026-09-18 21:19:00+00:00,162.34863657982942
2026-09-18 21:20:00+00:00,162.34340456467703
2026-09-18 21:21:00+00:00,162.34624557988627
2026-09-18 21:22:00+00:00,162.34499432527753
2026-09-18 21:23:00+00:00,162.3441049634705
2026-09-18 21:24:00+00:00,162.34290072358283
2026-09-18 21:25:00+00:00,162.34290072358283
2026-09-18 21:26:00+00:00,162.3441049634705
2026-09-18 21:27:00+00:00,162.3441049634705
2026-09-18 21:28:00+00:00,162.3441049634705
2026-09-18 21:29:00+00:00,162.3441049634705
2026-09-18 21:30:00+00:00,162.34547309185382
2026-09-18 21:31:00+00:00,162.34547309185382
2026-09-18 21:32:00+00:00,162.3441049634705
2026-09-18 21:33:00+00:00,162.3441049634705
2026-09-18 21:34:00+00:00,162.3441049634705
2026-09-18 21:35:00+00:00,162.34535621807925
2026-09-18 21:36:00+00:00,162.34535621807925
2026-09-18 21:37:00+00:00,162.34535621807925
2026-09-18 21:38:00+00:00,162.34535621807925
2026-09-18 21:39:00+00:00,162.34535621807925
2026-09-18 21:40:00+00:00,162.34535621807925
2026-09-18 21:41:00+00:00,162.34535621807925
2026-09-18 21:42:00+00:00,162.3441049634705
2026-09-18 21:43:00+00:00,162.3441049634705
2026-09-18 21:44:00+00:00,162.34535621807925
2026-09-18 21:45:00+00:00,162.34535621807925
2026-09-18 21:46:00+00:00,162.34535621807925
2026-09-18 21:47:00+00:00,162.34535621807925
2026-09-18 21:48:00+00:00,162.34535621807925
2026-09-18 21:49:00+00:00,162.34535621807925
2026-09-18 21:50:00+00:00,162.34535621807925
2026-09-18 21:51:00+00:00,162.34535621807925
2026-09-18 21:52:00+00:00,162.34535621807925
2026-09-18 21:53:00+00:00,162.34535621807925
2026-09-18 21:54:00+00:00,162.34535621807925
2026-09-18 21:55:00+00:00,162.34535621807925
2026-09-18 21:56:00+00:00,162.34535621807925
2026-09-18 21:57:00+00:00,162.34535621807925
2026-09-18 21:58:00+00:00,162.34535621807925
2026-09-18 21:59:00+00:00,162.34535621807925
2026-09-18 22:00:00+00:00,162.34535621807925
2026-09-18 22:01:00+00:00,162.34535621807925
2026-09-18 22:02:00+00:00,162.34535621807925
2026-09-18 22:03:00+00:00,162.34535621807925
2026-09-18 22:04:00+00:00,162.34535621807925
2026-09-18 22:05:00+00:00,162.34535621807925
2026-09-18 22:06:00+00:00,162.34535621807925
2026-09-18 22:07:00+00:00,162.34535621807925
2026-09-18 22:08:00+00:00,162.34535621807925
2026-09-18 22:09:00+00:00,162.34535621807925
2026-09-18 22:10:00+00:00,162.34535621807925
2026-09-18 22:11:00+00:00,162.34535621807925
2026-09-18 22:12:00+00:00,162.34535621807925
2026-09-18 22:13:00+00:00,162.34535621807925
2026-09-18 22:14:00+00:00,162.34535621807925
2026-09-18 22:15:00+00:00,162.34535621807925
2026-09-18 22:16:00+00:00,162.34535621807925
2026-09-18 22:17:00+00:00,162.34535621807925
2026-09-18 22:18:00+00:00,162.34535621807925
2026-09-18 22:19:00+00:00,162.34535621807925
2026-09-18 22:20:00+00:00,162.34535621807925
2026-09-18 22:21:00+00:00,162.34535621807925
2026-09-18 22:22:00+00:00,162.34535621807925
2026-09-18 22:23:00+00:00,162.34535621807925
2026-09-18 22:24:00+00:00,162.34535621807925
2026-09-18 22:25:00+00:00,162.34535621807925
2026-09-18 22:26:00+00:00,162.34535621807925
2026-09-18 22:27:00+00:00,162.34535621807925
2026-09-18 22:28:00+00:00,162.34535621807925
2026-09-18 22:29:00+00:00,162.34535621807925
